
BEGIN TRANSACTION;
CREATE TABLE IF NOT EXISTS "django_migrations" ("id" SERIAL PRIMARY KEY, "app" varchar(255) NOT NULL, "name" varchar(255) NOT NULL, "applied" TIMESTAMP NOT NULL);
INSERT INTO django_migrations VALUES(1,'contenttypes','0001_initial','2025-11-15 09:22:39.957201');
INSERT INTO django_migrations VALUES(2,'auth','0001_initial','2025-11-15 09:22:39.986639');
INSERT INTO django_migrations VALUES(3,'admin','0001_initial','2025-11-15 09:22:40.008089');
INSERT INTO django_migrations VALUES(4,'admin','0002_logentry_remove_auto_add','2025-11-15 09:22:40.026689');
INSERT INTO django_migrations VALUES(5,'admin','0003_logentry_add_action_flag_choices','2025-11-15 09:22:40.038841');
INSERT INTO django_migrations VALUES(6,'contenttypes','0002_remove_content_type_name','2025-11-15 09:22:40.064108');
INSERT INTO django_migrations VALUES(7,'auth','0002_alter_permission_name_max_length','2025-11-15 09:22:40.080189');
INSERT INTO django_migrations VALUES(8,'auth','0003_alter_user_email_max_length','2025-11-15 09:22:40.099206');
INSERT INTO django_migrations VALUES(9,'auth','0004_alter_user_username_opts','2025-11-15 09:22:40.116050');
INSERT INTO django_migrations VALUES(10,'auth','0005_alter_user_last_login_null','2025-11-15 09:22:40.133495');
INSERT INTO django_migrations VALUES(11,'auth','0006_require_contenttypes_0002','2025-11-15 09:22:40.139435');
INSERT INTO django_migrations VALUES(12,'auth','0007_alter_validators_add_error_messages','2025-11-15 09:22:40.152865');
INSERT INTO django_migrations VALUES(13,'auth','0008_alter_user_username_max_length','2025-11-15 09:22:40.168864');
INSERT INTO django_migrations VALUES(14,'auth','0009_alter_user_last_name_max_length','2025-11-15 09:22:40.184176');
INSERT INTO django_migrations VALUES(15,'auth','0010_alter_group_name_max_length','2025-11-15 09:22:40.202294');
INSERT INTO django_migrations VALUES(16,'auth','0011_update_proxy_permissions','2025-11-15 09:22:40.213015');
INSERT INTO django_migrations VALUES(17,'auth','0012_alter_user_first_name_max_length','2025-11-15 09:22:40.230020');
INSERT INTO django_migrations VALUES(18,'sessions','0001_initial','2025-11-15 09:22:40.245762');
INSERT INTO django_migrations VALUES(29,'apploan','0001_initial','2025-12-02 04:44:25.819611');
INSERT INTO django_migrations VALUES(30,'apploan','0002_rename_mymodel_model','2025-12-02 04:44:25.836411');
INSERT INTO django_migrations VALUES(31,'apploan','0003_rename_model_models','2025-12-02 04:44:25.851722');
INSERT INTO django_migrations VALUES(32,'apploan','0004_rename_models_model','2025-12-02 04:44:25.867787');
INSERT INTO django_migrations VALUES(33,'apploan','0005_navbaritem','2025-12-02 04:44:25.883514');
INSERT INTO django_migrations VALUES(34,'apploan','0006_menusettings_delete_navbaritem','2025-12-02 04:44:25.891567');
INSERT INTO django_migrations VALUES(35,'apploan','0007_delete_model_alter_menusettings_options_and_more','2025-12-02 04:44:25.937335');
INSERT INTO django_migrations VALUES(36,'apploan','0008_menusetting_delete_menusettings','2025-12-02 04:55:51.841514');
INSERT INTO django_migrations VALUES(37,'apploan','0009_loanrate','2025-12-02 04:57:28.059009');
INSERT INTO django_migrations VALUES(38,'apploan','0010_remove_loanrate_module_name_loanrate_loan_name_and_more','2025-12-02 04:57:28.065223');
INSERT INTO django_migrations VALUES(39,'apploan','0011_alter_loanrate_loan_name','2025-12-02 04:57:28.070536');
INSERT INTO django_migrations VALUES(40,'apploan','0012_delete_loanrate','2025-12-02 04:57:28.075243');
INSERT INTO django_migrations VALUES(42,'apploan','0010_alter_loanrate_loan_name','2025-12-02 06:17:27.396844');
INSERT INTO django_migrations VALUES(43,'apploan','0011_delete_loanrate','2025-12-02 06:24:46.345293');
INSERT INTO django_migrations VALUES(44,'apploan','0002_loanrate','2025-12-02 06:37:14.013849');
INSERT INTO django_migrations VALUES(45,'apploan','0003_remove_loanrate_updated_at_loanrate_loan_display_and_more','2025-12-02 07:37:36.174246');
INSERT INTO django_migrations VALUES(46,'apploan','0004_application_enquiry_alter_loanrate_loan_name_and_more','2025-12-02 09:28:11.134643');
INSERT INTO django_migrations VALUES(47,'apploan','0005_remove_adminnote_application_remove_adminnote_staff_and_more','2025-12-02 09:35:15.891577');
INSERT INTO django_migrations VALUES(48,'apploan','0006_enquiry','2025-12-02 10:11:52.686867');
INSERT INTO django_migrations VALUES(49,'apploan','0007_remove_enquiry_message','2025-12-02 10:16:34.648900');
INSERT INTO django_migrations VALUES(50,'apploan','0008_remove_menusetting_show_resources_and_more','2025-12-04 09:18:25.392654');
INSERT INTO django_migrations VALUES(51,'apploan','0009_remove_menusetting_show_offers_and_more','2025-12-04 09:21:47.353143');
INSERT INTO django_migrations VALUES(52,'apploan','0010_herovideo','2025-12-08 03:48:23.197989');
INSERT INTO django_migrations VALUES(53,'apploan','0011_headervideo_delete_herovideo','2025-12-08 04:04:22.005473');
INSERT INTO django_migrations VALUES(54,'apploan','0012_headerimage','2025-12-08 04:22:31.326645');
INSERT INTO django_migrations VALUES(55,'apploan','0010_headerimage_headervideo','2025-12-08 05:33:43.650436');
INSERT INTO django_migrations VALUES(56,'apploan','0011_motoquote','2025-12-09 04:42:59.126693');
INSERT INTO django_migrations VALUES(57,'apploan','0012_carquote_alter_motoquote_named_rider','2025-12-09 07:47:01.888382');
INSERT INTO django_migrations VALUES(58,'apploan','0013_remove_carquote_usage','2025-12-09 08:03:33.967310');
INSERT INTO django_migrations VALUES(59,'apploan','0014_coecarenquiry_coemotorcycleenquiry_and_more','2025-12-10 04:32:43.815777');
INSERT INTO django_migrations VALUES(60,'apploan','0015_enquiryrenew_delete_coecarenquiry_and_more','2025-12-10 04:56:41.485632');
INSERT INTO django_migrations VALUES(61,'apploan','0016_delete_enquiryrenew_delete_coerenewcar_and_more','2025-12-10 06:57:46.246479');
INSERT INTO django_migrations VALUES(62,'apploan','0017_rename_carquote_quotecar_rename_motoquote_quotemotor','2025-12-10 07:06:22.361247');
INSERT INTO django_migrations VALUES(63,'apploan','0018_enquiryrenew_coerenewcar_coerenewmotorcycle','2025-12-10 07:17:06.759527');
INSERT INTO django_migrations VALUES(64,'apploan','0019_delete_enquiryrenew_delete_coerenewcar_and_more','2025-12-10 07:26:01.703264');
INSERT INTO django_migrations VALUES(65,'apploan','0020_enquiryrenew_coerenewcar_coerenewmotorcycle','2025-12-10 08:34:54.325910');
INSERT INTO django_migrations VALUES(66,'apploan','0021_delete_coerenewcar_delete_coerenewmotorcycle_and_more','2025-12-16 03:25:23.114949');
INSERT INTO django_migrations VALUES(67,'apploan','0022_alter_enquiryrenew_coe_category_type_and_more','2025-12-16 03:59:35.213453');
INSERT INTO django_migrations VALUES(68,'apploan','0023_carenquiry_motorcycleenquiry_and_more','2025-12-16 04:34:41.489759');
INSERT INTO django_migrations VALUES(69,'apploan','0024_apply_alter_carenquiry_options_and_more','2025-12-16 06:06:28.156111');
INSERT INTO django_migrations VALUES(70,'apploan','0025_delete_application','2025-12-16 06:25:38.455765');
INSERT INTO django_migrations VALUES(71,'apploan','0026_applycoe_carcoe_motorcoe','2025-12-16 08:55:48.423478');
INSERT INTO django_migrations VALUES(72,'apploan','0027_application_enquiries_alter_carcoe_options_and_more','2025-12-16 09:16:42.586218');
CREATE TABLE IF NOT EXISTS "auth_group_permissions" ("id" SERIAL PRIMARY KEY, "group_id" integer NOT NULL REFERENCES "auth_group" ("id") DEFERRABLE INITIALLY DEFERRED, "permission_id" integer NOT NULL REFERENCES "auth_permission" ("id") DEFERRABLE INITIALLY DEFERRED);
CREATE TABLE IF NOT EXISTS "auth_user_groups" ("id" SERIAL PRIMARY KEY, "user_id" integer NOT NULL REFERENCES "auth_user" ("id") DEFERRABLE INITIALLY DEFERRED, "group_id" integer NOT NULL REFERENCES "auth_group" ("id") DEFERRABLE INITIALLY DEFERRED);
CREATE TABLE IF NOT EXISTS "auth_user_user_permissions" ("id" SERIAL PRIMARY KEY, "user_id" integer NOT NULL REFERENCES "auth_user" ("id") DEFERRABLE INITIALLY DEFERRED, "permission_id" integer NOT NULL REFERENCES "auth_permission" ("id") DEFERRABLE INITIALLY DEFERRED);
CREATE TABLE IF NOT EXISTS "django_admin_log" ("id" SERIAL PRIMARY KEY, "object_id" text NULL, "object_repr" varchar(200) NOT NULL, "action_flag" smallint NOT NULL CHECK ("action_flag" >= 0), "change_message" text NOT NULL, "content_type_id" integer NULL REFERENCES "django_content_type" ("id") DEFERRABLE INITIALLY DEFERRED, "user_id" integer NOT NULL REFERENCES "auth_user" ("id") DEFERRABLE INITIALLY DEFERRED, "action_time" TIMESTAMP NOT NULL);
INSERT INTO django_admin_log VALUES(18,'5','ref_car',2,'[{"changed": {"fields": ["Interest rate"]}}]',11,2,'2025-12-02 06:42:58.955673');
INSERT INTO django_admin_log VALUES(19,'5','ref_car',2,'[{"changed": {"fields": ["Financing"]}}]',11,2,'2025-12-02 06:44:03.776739');
INSERT INTO django_admin_log VALUES(20,'5','ref_car',2,'[{"changed": {"fields": ["Interest rate", "Financing"]}}]',11,2,'2025-12-02 06:52:00.910260');
INSERT INTO django_admin_log VALUES(21,'1','used_cm',2,'[{"changed": {"fields": ["Interest rate", "Financing"]}}]',11,2,'2025-12-02 06:53:12.504164');
INSERT INTO django_admin_log VALUES(22,'1','used_cm',2,'[{"changed": {"fields": ["Interest rate"]}}]',11,2,'2025-12-02 06:53:46.627047');
INSERT INTO django_admin_log VALUES(23,'1','used_cm',2,'[{"changed": {"fields": ["Interest rate"]}}]',11,2,'2025-12-02 06:53:52.718873');
INSERT INTO django_admin_log VALUES(24,'2','new_cm',2,'[{"changed": {"fields": ["Interest rate", "Financing"]}}]',11,2,'2025-12-02 06:54:41.991516');
INSERT INTO django_admin_log VALUES(25,'3','direct_bs',2,'[{"changed": {"fields": ["Interest rate", "Financing"]}}]',11,2,'2025-12-02 06:56:08.802675');
INSERT INTO django_admin_log VALUES(26,'4','coe_car',2,'[{"changed": {"fields": ["Interest rate", "Financing"]}}]',11,2,'2025-12-02 06:57:09.624915');
INSERT INTO django_admin_log VALUES(27,'6','in_house',2,'[{"changed": {"fields": ["Interest rate", "Financing"]}}]',11,2,'2025-12-02 06:58:21.604056');
INSERT INTO django_admin_log VALUES(28,'7','phv_car',2,'[{"changed": {"fields": ["Interest rate", "Financing"]}}]',11,2,'2025-12-02 07:00:16.396886');
INSERT INTO django_admin_log VALUES(29,'7','PHV Car',2,'[{"changed": {"fields": ["Loan name"]}}]',11,2,'2025-12-02 07:00:59.879113');
INSERT INTO django_admin_log VALUES(30,'6','IN-HOUSE',2,'[{"changed": {"fields": ["Loan name"]}}]',11,2,'2025-12-02 07:01:07.712599');
INSERT INTO django_admin_log VALUES(31,'5','REFINANCING',2,'[{"changed": {"fields": ["Loan name"]}}]',11,2,'2025-12-02 07:01:22.212684');
INSERT INTO django_admin_log VALUES(32,'4','COE CAR',2,'[{"changed": {"fields": ["Loan name"]}}]',11,2,'2025-12-02 07:01:29.392781');
INSERT INTO django_admin_log VALUES(33,'3','DIRECT BUYER - SELLER',2,'[{"changed": {"fields": ["Loan name"]}}]',11,2,'2025-12-02 07:01:44.914586');
INSERT INTO django_admin_log VALUES(34,'2','NEW CAR & MOTORCYCLE',2,'[{"changed": {"fields": ["Loan name"]}}]',11,2,'2025-12-02 07:01:55.229344');
INSERT INTO django_admin_log VALUES(35,'1','USED CAR & MOTORCYCLE',2,'[{"changed": {"fields": ["Loan name"]}}]',11,2,'2025-12-02 07:02:04.078860');
INSERT INTO django_admin_log VALUES(36,'5','REFINANCING',2,'[]',11,2,'2025-12-02 07:03:10.679625');
INSERT INTO django_admin_log VALUES(37,'5','REFINANCING',2,'[]',11,2,'2025-12-02 07:04:28.884913');
INSERT INTO django_admin_log VALUES(38,'7','phv_car',2,'[{"changed": {"fields": ["Loan name"]}}]',11,2,'2025-12-02 07:04:58.409192');
INSERT INTO django_admin_log VALUES(39,'6','in_house',2,'[{"changed": {"fields": ["Loan name"]}}]',11,2,'2025-12-02 07:05:05.131898');
INSERT INTO django_admin_log VALUES(40,'5','ref_car',2,'[{"changed": {"fields": ["Loan name"]}}]',11,2,'2025-12-02 07:05:12.406115');
INSERT INTO django_admin_log VALUES(41,'4','coe_car',2,'[{"changed": {"fields": ["Loan name"]}}]',11,2,'2025-12-02 07:05:18.443730');
INSERT INTO django_admin_log VALUES(42,'3','Ddirect_bs',2,'[{"changed": {"fields": ["Loan name"]}}]',11,2,'2025-12-02 07:05:24.000295');
INSERT INTO django_admin_log VALUES(43,'3','direct_bs',2,'[{"changed": {"fields": ["Loan name"]}}]',11,2,'2025-12-02 07:05:27.193319');
INSERT INTO django_admin_log VALUES(44,'2','new_cm',2,'[{"changed": {"fields": ["Loan name"]}}]',11,2,'2025-12-02 07:05:32.644240');
INSERT INTO django_admin_log VALUES(45,'1','used_cm',2,'[{"changed": {"fields": ["Loan name"]}}]',11,2,'2025-12-02 07:05:41.036409');
INSERT INTO django_admin_log VALUES(46,'7','phv_car',2,'[]',11,2,'2025-12-02 07:28:32.867295');
INSERT INTO django_admin_log VALUES(47,'7','PHV Car',2,'[{"changed": {"fields": ["Loan display"]}}]',11,2,'2025-12-02 07:38:37.845567');
INSERT INTO django_admin_log VALUES(48,'6','In-House Car Loan',2,'[{"changed": {"fields": ["Loan display"]}}]',11,2,'2025-12-02 07:38:59.941565');
INSERT INTO django_admin_log VALUES(49,'7','PHV Car Loan',2,'[{"changed": {"fields": ["Loan display"]}}]',11,2,'2025-12-02 07:39:07.698981');
INSERT INTO django_admin_log VALUES(50,'5','Car Refinancing',2,'[{"changed": {"fields": ["Loan display"]}}]',11,2,'2025-12-02 07:39:20.762601');
INSERT INTO django_admin_log VALUES(51,'4','COE Car Loan',2,'[{"changed": {"fields": ["Loan display"]}}]',11,2,'2025-12-02 07:39:30.833325');
INSERT INTO django_admin_log VALUES(52,'3','Direct Buyer → Seller Auto Loan',2,'[{"changed": {"fields": ["Loan display"]}}]',11,2,'2025-12-02 07:39:40.588279');
INSERT INTO django_admin_log VALUES(53,'2','New Car & Motorcycle Loan',2,'[{"changed": {"fields": ["Loan display"]}}]',11,2,'2025-12-02 07:40:03.426664');
INSERT INTO django_admin_log VALUES(54,'1','Used Car & Motorcycle Loan',2,'[{"changed": {"fields": ["Loan display"]}}]',11,2,'2025-12-02 07:40:11.999693');
INSERT INTO django_admin_log VALUES(55,'7','PHV Car Loan',2,'[{"changed": {"fields": ["Interest rate"]}}]',11,2,'2025-12-02 07:45:47.935070');
INSERT INTO django_admin_log VALUES(56,'3','adminmoto',1,'[{"added": {}}]',4,2,'2025-12-03 08:50:08.506281');
INSERT INTO django_admin_log VALUES(57,'3','adminmoto',2,'[{"changed": {"fields": ["Email address", "Staff status"]}}]',4,2,'2025-12-03 08:51:00.414408');
INSERT INTO django_admin_log VALUES(58,'3','adminmoto',2,'[]',4,2,'2025-12-03 08:51:09.906064');
INSERT INTO django_admin_log VALUES(59,'1','Navbar Menu Settings',2,'[{"changed": {"fields": ["Home"]}}]',10,2,'2025-12-03 09:27:00.380816');
INSERT INTO django_admin_log VALUES(60,'1','Navbar Menu Settings',2,'[{"changed": {"fields": ["Home"]}}]',10,2,'2025-12-03 09:27:07.482068');
INSERT INTO django_admin_log VALUES(61,'5','Car Refinancing',2,'[{"changed": {"fields": ["Interest rate"]}}]',11,2,'2025-12-04 06:59:27.871478');
INSERT INTO django_admin_log VALUES(62,'5','Car Refinancing',2,'[{"changed": {"fields": ["Interest rate"]}}]',11,2,'2025-12-04 06:59:34.852391');
INSERT INTO django_admin_log VALUES(63,'1','Navbar Menu',2,'[{"changed": {"fields": ["Guides"]}}]',10,2,'2025-12-04 09:26:05.846299');
INSERT INTO django_admin_log VALUES(64,'1','Navbar Menu',2,'[{"changed": {"fields": ["Guides"]}}]',10,2,'2025-12-04 09:26:13.165130');
INSERT INTO django_admin_log VALUES(65,'1','Navbar Menu',2,'[{"changed": {"fields": ["Calculator"]}}]',10,2,'2025-12-04 09:27:33.481915');
INSERT INTO django_admin_log VALUES(66,'1','Navbar Menu',2,'[{"changed": {"fields": ["Calculator"]}}]',10,2,'2025-12-04 09:27:42.701126');
INSERT INTO django_admin_log VALUES(67,'1','Navbar Menu',2,'[{"changed": {"fields": ["Rates"]}}]',10,2,'2025-12-04 09:29:56.260172');
INSERT INTO django_admin_log VALUES(68,'1','Navbar Menu',2,'[{"changed": {"fields": ["Rates"]}}]',10,2,'2025-12-04 09:30:04.321804');
INSERT INTO django_admin_log VALUES(69,'1','Navbar Menu',2,'[{"changed": {"fields": ["Rates"]}}]',10,2,'2025-12-04 09:31:50.863631');
INSERT INTO django_admin_log VALUES(70,'1','Navbar Menu',2,'[{"changed": {"fields": ["Rates"]}}]',10,2,'2025-12-04 09:31:56.635226');
INSERT INTO django_admin_log VALUES(71,'1','Car Insurance Video',1,'[{"added": {}}]',16,2,'2025-12-08 03:51:12.212010');
INSERT INTO django_admin_log VALUES(72,'1','Car Insurance Video',2,'[{"changed": {"fields": ["Video"]}}]',16,2,'2025-12-08 03:52:16.116579');
INSERT INTO django_admin_log VALUES(73,'1','Car Insurance Video',2,'[{"changed": {"fields": ["Video"]}}]',16,2,'2025-12-08 03:52:34.376471');
INSERT INTO django_admin_log VALUES(74,'1','Car Insurance Video',2,'[]',16,2,'2025-12-08 03:58:18.342443');
INSERT INTO django_admin_log VALUES(75,'1','Car Insurance Video',2,'[{"changed": {"fields": ["Video"]}}]',16,2,'2025-12-08 03:58:29.106642');
INSERT INTO django_admin_log VALUES(76,'2','Motorcycle Insurance Video',1,'[{"added": {}}]',16,2,'2025-12-08 03:58:48.170338');
INSERT INTO django_admin_log VALUES(77,'2','Motorcycle Insurance Video',2,'[{"changed": {"fields": ["Video"]}}]',16,2,'2025-12-08 03:59:03.453345');
INSERT INTO django_admin_log VALUES(78,'1','Car Insurance Video',2,'[{"changed": {"fields": ["Video"]}}]',16,2,'2025-12-08 03:59:20.220989');
INSERT INTO django_admin_log VALUES(79,'2','Motorcycle Insurance Video',2,'[{"changed": {"fields": ["Video"]}}]',16,2,'2025-12-08 03:59:42.851667');
INSERT INTO django_admin_log VALUES(80,'1','Car Insurance Video',2,'[{"changed": {"fields": ["Video"]}}]',16,2,'2025-12-08 03:59:54.351841');
INSERT INTO django_admin_log VALUES(81,'1','Car Insurance Video',2,'[{"changed": {"fields": ["Active"]}}]',16,2,'2025-12-08 04:00:05.971732');
INSERT INTO django_admin_log VALUES(82,'1','Car Insurance Video',2,'[{"changed": {"fields": ["Active"]}}]',16,2,'2025-12-08 04:00:18.757268');
INSERT INTO django_admin_log VALUES(83,'1','Car Insurance Video',2,'[]',16,2,'2025-12-08 04:01:55.532937');
INSERT INTO django_admin_log VALUES(84,'1','Motorcycle Insurance Video',1,'[{"added": {}}]',17,2,'2025-12-08 04:05:13.902781');
INSERT INTO django_admin_log VALUES(85,'2','Car Insurance Video',1,'[{"added": {}}]',17,2,'2025-12-08 04:05:25.968680');
INSERT INTO django_admin_log VALUES(86,'1','Motorcycle Insurance Video',2,'[{"changed": {"fields": ["Video"]}}]',17,2,'2025-12-08 04:05:35.379326');
INSERT INTO django_admin_log VALUES(87,'2','Car Insurance Video',2,'[{"changed": {"fields": ["Video"]}}]',17,2,'2025-12-08 04:05:43.171612');
INSERT INTO django_admin_log VALUES(88,'1','Used Car Image',1,'[{"added": {}}]',18,2,'2025-12-08 04:24:18.852990');
INSERT INTO django_admin_log VALUES(89,'1','Used Car Image',2,'[{"changed": {"fields": ["Image"]}}]',18,2,'2025-12-08 04:38:31.438062');
INSERT INTO django_admin_log VALUES(90,'1','Used Car Image',2,'[{"changed": {"fields": ["Image"]}}]',18,2,'2025-12-08 04:38:39.643724');
INSERT INTO django_admin_log VALUES(91,'1','Used Car & Motorcycle Image',2,'[{"changed": {"fields": ["Temp type"]}}]',18,2,'2025-12-08 04:46:30.245190');
INSERT INTO django_admin_log VALUES(92,'1','Used Car & Motorcycle Image',2,'[{"changed": {"fields": ["Image"]}}]',18,2,'2025-12-08 04:46:40.347081');
INSERT INTO django_admin_log VALUES(93,'1','Used Car & Motorcycle Image',2,'[{"changed": {"fields": ["Image"]}}]',18,2,'2025-12-08 04:46:53.890780');
INSERT INTO django_admin_log VALUES(94,'2','New Car & Motorcycle Image',1,'[{"added": {}}]',18,2,'2025-12-08 04:47:01.499372');
INSERT INTO django_admin_log VALUES(95,'3','Direct Buyer - Seller Image',1,'[{"added": {}}]',18,2,'2025-12-08 04:47:08.207796');
INSERT INTO django_admin_log VALUES(96,'4','COE Car Image',1,'[{"added": {}}]',18,2,'2025-12-08 04:53:22.107504');
INSERT INTO django_admin_log VALUES(97,'4','COE Car Image',2,'[{"changed": {"fields": ["Image"]}}]',18,2,'2025-12-08 04:53:46.107750');
INSERT INTO django_admin_log VALUES(98,'1','Motorcycle Insurance Video',1,'[{"added": {}}]',17,2,'2025-12-08 05:35:48.081293');
INSERT INTO django_admin_log VALUES(99,'1','Motorcycle Insurance Video',2,'[{"changed": {"fields": ["Video"]}}]',17,2,'2025-12-08 05:35:56.632507');
INSERT INTO django_admin_log VALUES(100,'2','Car Insurance Video',1,'[{"added": {}}]',17,2,'2025-12-08 05:36:07.581617');
INSERT INTO django_admin_log VALUES(101,'1','COE Car Image',1,'[{"added": {}}]',18,2,'2025-12-08 05:36:44.200454');
INSERT INTO django_admin_log VALUES(102,'2','Direct Buyer - Seller Image',1,'[{"added": {}}]',18,2,'2025-12-08 05:36:51.180706');
INSERT INTO django_admin_log VALUES(103,'3','New Car & Motorcycle Image',1,'[{"added": {}}]',18,2,'2025-12-08 05:36:58.878436');
INSERT INTO django_admin_log VALUES(104,'4','Used Car & Motorcycle Image',1,'[{"added": {}}]',18,2,'2025-12-08 05:37:04.175724');
INSERT INTO django_admin_log VALUES(105,'3','adminmoto',2,'[{"changed": {"fields": ["password"]}}]',4,2,'2025-12-08 06:14:37.439698');
INSERT INTO django_admin_log VALUES(106,'3','adminmoto',2,'[]',4,2,'2025-12-08 06:14:43.909209');
INSERT INTO django_admin_log VALUES(107,'1','Used Car & Motorcycle Loan',2,'[{"changed": {"fields": ["Interest rate"]}}]',11,2,'2025-12-08 06:16:18.110647');
INSERT INTO django_admin_log VALUES(108,'1','Used Car & Motorcycle Loan',2,'[{"changed": {"fields": ["Interest rate"]}}]',11,2,'2025-12-08 06:16:23.880637');
INSERT INTO django_admin_log VALUES(109,'1','Navbar Menu',2,'[{"changed": {"fields": ["Home", "Used Car & Motorcycle Loan"]}}]',10,2,'2025-12-10 10:20:21.874335');
INSERT INTO django_admin_log VALUES(110,'1','Navbar Menu',2,'[{"changed": {"fields": ["Home", "Used Car & Motorcycle Loan"]}}]',10,2,'2025-12-10 10:20:33.551773');
INSERT INTO django_admin_log VALUES(111,'1','Used Car & Motorcycle Loan',2,'[{"changed": {"fields": ["Interest rate"]}}]',11,2,'2025-12-10 10:20:51.267452');
INSERT INTO django_admin_log VALUES(112,'2','Car Insurance Video',2,'[{"changed": {"fields": ["Video"]}}]',17,2,'2025-12-10 10:22:12.103987');
INSERT INTO django_admin_log VALUES(113,'4','Used Car & Motorcycle Image',2,'[{"changed": {"fields": ["Image"]}}]',18,2,'2025-12-10 10:22:34.086598');
INSERT INTO django_admin_log VALUES(114,'4','Used Car & Motorcycle Image',2,'[{"changed": {"fields": ["Image"]}}]',18,2,'2025-12-11 09:27:57.469390');
INSERT INTO django_admin_log VALUES(115,'4','Used Car & Motorcycle Image',2,'[{"changed": {"fields": ["Image"]}}]',18,2,'2025-12-11 09:28:12.523484');
INSERT INTO django_admin_log VALUES(116,'2','Car Insurance Video',2,'[{"changed": {"fields": ["Video"]}}]',17,2,'2025-12-12 04:58:50.567779');
INSERT INTO django_admin_log VALUES(117,'4','Used Car & Motorcycle Image',2,'[{"changed": {"fields": ["Image"]}}]',18,2,'2025-12-12 05:14:02.309308');
INSERT INTO django_admin_log VALUES(118,'13','Mash Layla (car)',3,'',27,2,'2025-12-16 04:37:29.175041');
INSERT INTO django_admin_log VALUES(119,'12','Mash Layla (motorcycle)',3,'',27,2,'2025-12-16 04:37:29.182797');
INSERT INTO django_admin_log VALUES(120,'11','Mash Layla (car)',3,'',27,2,'2025-12-16 04:37:29.188556');
INSERT INTO django_admin_log VALUES(121,'10','Dini Dna (car)',3,'',27,2,'2025-12-16 04:37:29.193340');
INSERT INTO django_admin_log VALUES(122,'9','Mash Layla (car)',3,'',27,2,'2025-12-16 04:37:29.197751');
INSERT INTO django_admin_log VALUES(123,'8','Dini Dna (car)',3,'',27,2,'2025-12-16 04:37:29.202592');
INSERT INTO django_admin_log VALUES(124,'7','Dini Dna (car)',3,'',27,2,'2025-12-16 04:37:29.206842');
INSERT INTO django_admin_log VALUES(125,'6','Dini Dna (car)',3,'',27,2,'2025-12-16 04:37:29.211778');
INSERT INTO django_admin_log VALUES(126,'5','Dini Dna (motorcycle)',3,'',27,2,'2025-12-16 04:37:29.216608');
INSERT INTO django_admin_log VALUES(127,'4','Kayla Iman (car)',3,'',27,2,'2025-12-16 04:37:29.221567');
INSERT INTO django_admin_log VALUES(128,'3','Kayla Iman (car)',3,'',27,2,'2025-12-16 04:37:29.227672');
INSERT INTO django_admin_log VALUES(129,'2','Mash Layla (motorcycle)',3,'',27,2,'2025-12-16 04:37:29.233634');
INSERT INTO django_admin_log VALUES(130,'1','Dini Dna (car)',3,'',27,2,'2025-12-16 04:37:29.238696');
CREATE TABLE IF NOT EXISTS "django_content_type" ("id" SERIAL PRIMARY KEY, "app_label" varchar(100) NOT NULL, "model" varchar(100) NOT NULL);
INSERT INTO django_content_type VALUES(1,'admin','logentry');
INSERT INTO django_content_type VALUES(2,'auth','permission');
INSERT INTO django_content_type VALUES(3,'auth','group');
INSERT INTO django_content_type VALUES(4,'auth','user');
INSERT INTO django_content_type VALUES(5,'contenttypes','contenttype');
INSERT INTO django_content_type VALUES(6,'sessions','session');
INSERT INTO django_content_type VALUES(7,'apploan','model');
INSERT INTO django_content_type VALUES(8,'apploan','navbaritem');
INSERT INTO django_content_type VALUES(9,'apploan','menusettings');
INSERT INTO django_content_type VALUES(10,'apploan','menusetting');
INSERT INTO django_content_type VALUES(11,'apploan','loanrate');
INSERT INTO django_content_type VALUES(12,'apploan','application');
INSERT INTO django_content_type VALUES(13,'apploan','enquiry');
INSERT INTO django_content_type VALUES(14,'apploan','document');
INSERT INTO django_content_type VALUES(15,'apploan','adminnote');
INSERT INTO django_content_type VALUES(16,'apploan','herovideo');
INSERT INTO django_content_type VALUES(17,'apploan','headervideo');
INSERT INTO django_content_type VALUES(18,'apploan','headerimage');
INSERT INTO django_content_type VALUES(19,'apploan','quotemotor');
INSERT INTO django_content_type VALUES(20,'apploan','quotecar');
INSERT INTO django_content_type VALUES(21,'apploan','coecarenquiry');
INSERT INTO django_content_type VALUES(22,'apploan','coemotorcycleenquiry');
INSERT INTO django_content_type VALUES(23,'apploan','enquiryrenew');
INSERT INTO django_content_type VALUES(24,'apploan','coerenewcar');
INSERT INTO django_content_type VALUES(25,'apploan','coerenewmotorcycle');
INSERT INTO django_content_type VALUES(26,'apploan','carenquiry');
INSERT INTO django_content_type VALUES(27,'apploan','motorcycleenquiry');
INSERT INTO django_content_type VALUES(28,'apploan','apply');
INSERT INTO django_content_type VALUES(29,'apploan','applycoe');
INSERT INTO django_content_type VALUES(30,'apploan','carcoe');
INSERT INTO django_content_type VALUES(31,'apploan','motorcoe');
INSERT INTO django_content_type VALUES(32,'apploan','enquiries');
CREATE TABLE IF NOT EXISTS "auth_permission" ("id" SERIAL PRIMARY KEY, "content_type_id" integer NOT NULL REFERENCES "django_content_type" ("id") DEFERRABLE INITIALLY DEFERRED, "codename" varchar(100) NOT NULL, "name" varchar(255) NOT NULL);
INSERT INTO auth_permission VALUES(1,1,'add_logentry','Can add log entry');
INSERT INTO auth_permission VALUES(2,1,'change_logentry','Can change log entry');
INSERT INTO auth_permission VALUES(3,1,'delete_logentry','Can delete log entry');
INSERT INTO auth_permission VALUES(4,1,'view_logentry','Can view log entry');
INSERT INTO auth_permission VALUES(5,2,'add_permission','Can add permission');
INSERT INTO auth_permission VALUES(6,2,'change_permission','Can change permission');
INSERT INTO auth_permission VALUES(7,2,'delete_permission','Can delete permission');
INSERT INTO auth_permission VALUES(8,2,'view_permission','Can view permission');
INSERT INTO auth_permission VALUES(9,3,'add_group','Can add group');
INSERT INTO auth_permission VALUES(10,3,'change_group','Can change group');
INSERT INTO auth_permission VALUES(11,3,'delete_group','Can delete group');
INSERT INTO auth_permission VALUES(12,3,'view_group','Can view group');
INSERT INTO auth_permission VALUES(13,4,'add_user','Can add user');
INSERT INTO auth_permission VALUES(14,4,'change_user','Can change user');
INSERT INTO auth_permission VALUES(15,4,'delete_user','Can delete user');
INSERT INTO auth_permission VALUES(16,4,'view_user','Can view user');
INSERT INTO auth_permission VALUES(17,5,'add_contenttype','Can add content type');
INSERT INTO auth_permission VALUES(18,5,'change_contenttype','Can change content type');
INSERT INTO auth_permission VALUES(19,5,'delete_contenttype','Can delete content type');
INSERT INTO auth_permission VALUES(20,5,'view_contenttype','Can view content type');
INSERT INTO auth_permission VALUES(21,6,'add_session','Can add session');
INSERT INTO auth_permission VALUES(22,6,'change_session','Can change session');
INSERT INTO auth_permission VALUES(23,6,'delete_session','Can delete session');
INSERT INTO auth_permission VALUES(24,6,'view_session','Can view session');
INSERT INTO auth_permission VALUES(25,7,'add_mymodel','Can add my model');
INSERT INTO auth_permission VALUES(26,7,'change_mymodel','Can change my model');
INSERT INTO auth_permission VALUES(27,7,'delete_mymodel','Can delete my model');
INSERT INTO auth_permission VALUES(28,7,'view_mymodel','Can view my model');
INSERT INTO auth_permission VALUES(29,7,'add_model','Can add model');
INSERT INTO auth_permission VALUES(30,7,'change_model','Can change model');
INSERT INTO auth_permission VALUES(31,7,'delete_model','Can delete model');
INSERT INTO auth_permission VALUES(32,7,'view_model','Can view model');
INSERT INTO auth_permission VALUES(33,7,'add_models','Can add models');
INSERT INTO auth_permission VALUES(34,7,'change_models','Can change models');
INSERT INTO auth_permission VALUES(35,7,'delete_models','Can delete models');
INSERT INTO auth_permission VALUES(36,7,'view_models','Can view models');
INSERT INTO auth_permission VALUES(37,8,'add_navbaritem','Can add Navbar Item');
INSERT INTO auth_permission VALUES(38,8,'change_navbaritem','Can change Navbar Item');
INSERT INTO auth_permission VALUES(39,8,'delete_navbaritem','Can delete Navbar Item');
INSERT INTO auth_permission VALUES(40,8,'view_navbaritem','Can view Navbar Item');
INSERT INTO auth_permission VALUES(41,9,'add_menusettings','Can add Menu Setting');
INSERT INTO auth_permission VALUES(42,9,'change_menusettings','Can change Menu Setting');
INSERT INTO auth_permission VALUES(43,9,'delete_menusettings','Can delete Menu Setting');
INSERT INTO auth_permission VALUES(44,9,'view_menusettings','Can view Menu Setting');
INSERT INTO auth_permission VALUES(45,10,'add_menusetting','Can add menu setting');
INSERT INTO auth_permission VALUES(46,10,'change_menusetting','Can change menu setting');
INSERT INTO auth_permission VALUES(47,10,'delete_menusetting','Can delete menu setting');
INSERT INTO auth_permission VALUES(48,10,'view_menusetting','Can view menu setting');
INSERT INTO auth_permission VALUES(49,11,'add_loanrate','Can add loan rate');
INSERT INTO auth_permission VALUES(50,11,'change_loanrate','Can change loan rate');
INSERT INTO auth_permission VALUES(51,11,'delete_loanrate','Can delete loan rate');
INSERT INTO auth_permission VALUES(52,11,'view_loanrate','Can view loan rate');
INSERT INTO auth_permission VALUES(53,12,'add_application','Can add application');
INSERT INTO auth_permission VALUES(54,12,'change_application','Can change application');
INSERT INTO auth_permission VALUES(55,12,'delete_application','Can delete application');
INSERT INTO auth_permission VALUES(56,12,'view_application','Can view application');
INSERT INTO auth_permission VALUES(57,13,'add_enquiry','Can add enquiry');
INSERT INTO auth_permission VALUES(58,13,'change_enquiry','Can change enquiry');
INSERT INTO auth_permission VALUES(59,13,'delete_enquiry','Can delete enquiry');
INSERT INTO auth_permission VALUES(60,13,'view_enquiry','Can view enquiry');
INSERT INTO auth_permission VALUES(61,14,'add_document','Can add document');
INSERT INTO auth_permission VALUES(62,14,'change_document','Can change document');
INSERT INTO auth_permission VALUES(63,14,'delete_document','Can delete document');
INSERT INTO auth_permission VALUES(64,14,'view_document','Can view document');
INSERT INTO auth_permission VALUES(65,15,'add_adminnote','Can add admin note');
INSERT INTO auth_permission VALUES(66,15,'change_adminnote','Can change admin note');
INSERT INTO auth_permission VALUES(67,15,'delete_adminnote','Can delete admin note');
INSERT INTO auth_permission VALUES(68,15,'view_adminnote','Can view admin note');
INSERT INTO auth_permission VALUES(69,16,'add_herovideo','Can add hero video');
INSERT INTO auth_permission VALUES(70,16,'change_herovideo','Can change hero video');
INSERT INTO auth_permission VALUES(71,16,'delete_herovideo','Can delete hero video');
INSERT INTO auth_permission VALUES(72,16,'view_herovideo','Can view hero video');
INSERT INTO auth_permission VALUES(73,17,'add_headervideo','Can add header video');
INSERT INTO auth_permission VALUES(74,17,'change_headervideo','Can change header video');
INSERT INTO auth_permission VALUES(75,17,'delete_headervideo','Can delete header video');
INSERT INTO auth_permission VALUES(76,17,'view_headervideo','Can view header video');
INSERT INTO auth_permission VALUES(77,18,'add_headerimage','Can add header image');
INSERT INTO auth_permission VALUES(78,18,'change_headerimage','Can change header image');
INSERT INTO auth_permission VALUES(79,18,'delete_headerimage','Can delete header image');
INSERT INTO auth_permission VALUES(80,18,'view_headerimage','Can view header image');
INSERT INTO auth_permission VALUES(81,19,'add_motoquote','Can add moto quote');
INSERT INTO auth_permission VALUES(82,19,'change_motoquote','Can change moto quote');
INSERT INTO auth_permission VALUES(83,19,'delete_motoquote','Can delete moto quote');
INSERT INTO auth_permission VALUES(84,19,'view_motoquote','Can view moto quote');
INSERT INTO auth_permission VALUES(85,20,'add_carquote','Can add car quote');
INSERT INTO auth_permission VALUES(86,20,'change_carquote','Can change car quote');
INSERT INTO auth_permission VALUES(87,20,'delete_carquote','Can delete car quote');
INSERT INTO auth_permission VALUES(88,20,'view_carquote','Can view car quote');
INSERT INTO auth_permission VALUES(89,21,'add_coecarenquiry','Can add COE Car Renewal Enquiry');
INSERT INTO auth_permission VALUES(90,21,'change_coecarenquiry','Can change COE Car Renewal Enquiry');
INSERT INTO auth_permission VALUES(91,21,'delete_coecarenquiry','Can delete COE Car Renewal Enquiry');
INSERT INTO auth_permission VALUES(92,21,'view_coecarenquiry','Can view COE Car Renewal Enquiry');
INSERT INTO auth_permission VALUES(93,22,'add_coemotorcycleenquiry','Can add COE Motorcycle Renewal Enquiry');
INSERT INTO auth_permission VALUES(94,22,'change_coemotorcycleenquiry','Can change COE Motorcycle Renewal Enquiry');
INSERT INTO auth_permission VALUES(95,22,'delete_coemotorcycleenquiry','Can delete COE Motorcycle Renewal Enquiry');
INSERT INTO auth_permission VALUES(96,22,'view_coemotorcycleenquiry','Can view COE Motorcycle Renewal Enquiry');
INSERT INTO auth_permission VALUES(97,23,'add_enquiryrenew','Can add enquiry renew');
INSERT INTO auth_permission VALUES(98,23,'change_enquiryrenew','Can change enquiry renew');
INSERT INTO auth_permission VALUES(99,23,'delete_enquiryrenew','Can delete enquiry renew');
INSERT INTO auth_permission VALUES(100,23,'view_enquiryrenew','Can view enquiry renew');
INSERT INTO auth_permission VALUES(101,24,'add_coerenewcar','Can add COE Car Renewal Enquiry');
INSERT INTO auth_permission VALUES(102,24,'change_coerenewcar','Can change COE Car Renewal Enquiry');
INSERT INTO auth_permission VALUES(103,24,'delete_coerenewcar','Can delete COE Car Renewal Enquiry');
INSERT INTO auth_permission VALUES(104,24,'view_coerenewcar','Can view COE Car Renewal Enquiry');
INSERT INTO auth_permission VALUES(105,25,'add_coerenewmotorcycle','Can add COE Motorcycle Renewal Enquiry');
INSERT INTO auth_permission VALUES(106,25,'change_coerenewmotorcycle','Can change COE Motorcycle Renewal Enquiry');
INSERT INTO auth_permission VALUES(107,25,'delete_coerenewmotorcycle','Can delete COE Motorcycle Renewal Enquiry');
INSERT INTO auth_permission VALUES(108,25,'view_coerenewmotorcycle','Can view COE Motorcycle Renewal Enquiry');
INSERT INTO auth_permission VALUES(109,20,'add_quotecar','Can add quote car');
INSERT INTO auth_permission VALUES(110,20,'change_quotecar','Can change quote car');
INSERT INTO auth_permission VALUES(111,20,'delete_quotecar','Can delete quote car');
INSERT INTO auth_permission VALUES(112,20,'view_quotecar','Can view quote car');
INSERT INTO auth_permission VALUES(113,19,'add_quotemotor','Can add quote motor');
INSERT INTO auth_permission VALUES(114,19,'change_quotemotor','Can change quote motor');
INSERT INTO auth_permission VALUES(115,19,'delete_quotemotor','Can delete quote motor');
INSERT INTO auth_permission VALUES(116,19,'view_quotemotor','Can view quote motor');
INSERT INTO auth_permission VALUES(117,26,'add_carenquiry','Can add Car Enquiry');
INSERT INTO auth_permission VALUES(118,26,'change_carenquiry','Can change Car Enquiry');
INSERT INTO auth_permission VALUES(119,26,'delete_carenquiry','Can delete Car Enquiry');
INSERT INTO auth_permission VALUES(120,26,'view_carenquiry','Can view Car Enquiry');
INSERT INTO auth_permission VALUES(121,27,'add_motorcycleenquiry','Can add Motorcycle Enquiry');
INSERT INTO auth_permission VALUES(122,27,'change_motorcycleenquiry','Can change Motorcycle Enquiry');
INSERT INTO auth_permission VALUES(123,27,'delete_motorcycleenquiry','Can delete Motorcycle Enquiry');
INSERT INTO auth_permission VALUES(124,27,'view_motorcycleenquiry','Can view Motorcycle Enquiry');
INSERT INTO auth_permission VALUES(125,28,'add_apply','Can add apply');
INSERT INTO auth_permission VALUES(126,28,'change_apply','Can change apply');
INSERT INTO auth_permission VALUES(127,28,'delete_apply','Can delete apply');
INSERT INTO auth_permission VALUES(128,28,'view_apply','Can view apply');
INSERT INTO auth_permission VALUES(129,29,'add_applycoe','Can add apply coe');
INSERT INTO auth_permission VALUES(130,29,'change_applycoe','Can change apply coe');
INSERT INTO auth_permission VALUES(131,29,'delete_applycoe','Can delete apply coe');
INSERT INTO auth_permission VALUES(132,29,'view_applycoe','Can view apply coe');
INSERT INTO auth_permission VALUES(133,30,'add_carcoe','Can add Car COE Application');
INSERT INTO auth_permission VALUES(134,30,'change_carcoe','Can change Car COE Application');
INSERT INTO auth_permission VALUES(135,30,'delete_carcoe','Can delete Car COE Application');
INSERT INTO auth_permission VALUES(136,30,'view_carcoe','Can view Car COE Application');
INSERT INTO auth_permission VALUES(137,31,'add_motorcoe','Can add Motorcycle COE Application');
INSERT INTO auth_permission VALUES(138,31,'change_motorcoe','Can change Motorcycle COE Application');
INSERT INTO auth_permission VALUES(139,31,'delete_motorcoe','Can delete Motorcycle COE Application');
INSERT INTO auth_permission VALUES(140,31,'view_motorcoe','Can view Motorcycle COE Application');
INSERT INTO auth_permission VALUES(141,32,'add_enquiries','Can add General Enquiries');
INSERT INTO auth_permission VALUES(142,32,'change_enquiries','Can change General Enquiries');
INSERT INTO auth_permission VALUES(143,32,'delete_enquiries','Can delete General Enquiries');
INSERT INTO auth_permission VALUES(144,32,'view_enquiries','Can view General Enquiries');
CREATE TABLE IF NOT EXISTS "auth_group" ("id" SERIAL PRIMARY KEY, "name" varchar(150) NOT NULL UNIQUE);
CREATE TABLE IF NOT EXISTS "auth_user" ("id" SERIAL PRIMARY KEY, "password" varchar(128) NOT NULL, "last_login" TIMESTAMP NULL, "is_superuser" BOOLEAN NOT NULL, "username" varchar(150) NOT NULL UNIQUE, "last_name" varchar(150) NOT NULL, "email" varchar(254) NOT NULL, "is_staff" BOOLEAN NOT NULL, "is_active" BOOLEAN NOT NULL, "date_joined" TIMESTAMP NOT NULL, "first_name" varchar(150) NOT NULL);
INSERT INTO auth_user VALUES(2,'pbkdf2_sha256$600000$6gY0VLabhiKsYbPBoo0U2Y$RFkK/2onfugHPpwhPYCdse+/8M7bV7FiuNwQkO6AoQ4=','2025-12-23 09:44:07.131953',1,'adminauto','','adminauto@gmail.com',1,1,'2025-12-02 06:28:35.845698','');
INSERT INTO auth_user VALUES(3,'pbkdf2_sha256$600000$lHDH1VYAyqHBRFeAsCCeM5$v1utrRobuxamybxwFyZ6HRe8FtNc0LjsZGDNBHu963w=',NULL,0,'adminmoto','','adminmoto@gmail.com',1,1,'2025-12-03 08:50:08','');
CREATE TABLE IF NOT EXISTS "django_session" ("session_key" varchar(40) NOT NULL PRIMARY KEY, "session_data" text NOT NULL, "expire_date" TIMESTAMP NOT NULL);
INSERT INTO django_session VALUES('3wby2esko0mco56j3ht52ixiq68qkahh','.eJxVjEEOwiAQRe_C2pAOMCAu3fcMZIBBqoYmpV0Z765NutDtf-_9lwi0rTVsnZcwZXERIE6_W6T04LaDfKd2m2Wa27pMUe6KPGiX45z5eT3cv4NKvX7rs7LKFeONRjYacIiIg4mOISVXULHhpAtbAh89lIwWwWVNxM6SxiLeH8MyN6g:1vKqK1:ph47rIKh8ao5U_ifrwcUurMISwbMeUPHkuseOxAfYPg','2025-12-01 03:54:33.542728');
INSERT INTO django_session VALUES('o8i0tgp52pxlr1386q4ssc1brrnyhmx1','.eJxVjEEOwiAQAP_C2RBYBKlH730DWdhFqgaS0p6MfzckPeh1ZjJvEXDfStg7r2EhcRUgTr8sYnpyHYIeWO9Npla3dYlyJPKwXc6N-HU72r9BwV7GFiGqrD0DaEvEGpQFBZZV5ghnh96Q124ywOAIeUqcTUJIWbt8SVF8vtk3OEU:1vQJsj:ODIE_HztYiPFhQWZ8pWf_eb-DAHnmqhcGo7Es4G0AF8','2025-12-16 06:29:01.981351');
INSERT INTO django_session VALUES('3cuz1e20rt00ndk21loj8hw4znwyzank','.eJxVjM0OwiAQhN-FsyEtu_zo0bvPQGBZpGogKe3J-O62SQ96nPm-mbfwYV2KXzvPfkriIpQ4_XYx0JPrDtIj1HuT1OoyT1Huijxol7eW-HU93L-DEnrZ1lrHnC0CYoLIhhUSbYlHE6xGNeYAZ04OwUVlyaSYBwBwVg1IyoIRny_ffDdC:1vSUW5:XTTXaGikIeLm4wUdEHOZ3dMThpHP0dRoV0zLfLVBny8','2025-12-22 06:14:37.456849');
INSERT INTO django_session VALUES('oo9avmnj3crst5sjnkze2chezbg8b5mh','.eJxVjM0OwiAQhN-FsyEtu_zo0bvPQGBZpGogKe3J-O62SQ96nPm-mbfwYV2KXzvPfkriIpQ4_XYx0JPrDtIj1HuT1OoyT1Huijxol7eW-HU93L-DEnrZ1lrHnC0CYoLIhhUSbYlHE6xGNeYAZ04OwUVlyaSYBwBwVg1IyoIRny_ffDdC:1vXyw3:M3rj0WAdEG6fh8Qj6vS1iiY6O9ZSgy1psVfmwextIjs','2026-01-06 09:44:07.139585');
CREATE TABLE IF NOT EXISTS "apploan_menusettings" ("id" SERIAL PRIMARY KEY, "show_home" BOOLEAN NOT NULL, "show_financing" BOOLEAN NOT NULL, "show_coe" BOOLEAN NOT NULL, "show_insurance" BOOLEAN NOT NULL, "coe_car" BOOLEAN NOT NULL, "coe_moto" BOOLEAN NOT NULL, "finance_coe_car" BOOLEAN NOT NULL, "finance_direct" BOOLEAN NOT NULL, "finance_inhouse" BOOLEAN NOT NULL, "finance_new" BOOLEAN NOT NULL, "finance_phv" BOOLEAN NOT NULL, "finance_refinance" BOOLEAN NOT NULL, "finance_used" BOOLEAN NOT NULL, "insurance_car" BOOLEAN NOT NULL, "insurance_motor" BOOLEAN NOT NULL);
CREATE TABLE IF NOT EXISTS "apploan_loanrate" ("id" SERIAL PRIMARY KEY, "interest_rate" decimal NULL, "financing" decimal NULL, "loan_display" varchar(100) NULL, "loan_name" varchar(50) NOT NULL);
INSERT INTO apploan_loanrate VALUES(1,1.989999999999999992,70,'Used Car & Motorcycle Loan','used_cm');
INSERT INTO apploan_loanrate VALUES(2,2.479999999999999983,70,'New Car & Motorcycle Loan','new_cm');
INSERT INTO apploan_loanrate VALUES(3,2.680000000000000159,70,'Direct Buyer → Seller Auto Loan','direct_bs');
INSERT INTO apploan_loanrate VALUES(4,2.779999999999999805,70,'COE Car Loan','coe_car');
INSERT INTO apploan_loanrate VALUES(5,3.399999999999999912,90,'Car Refinancing','ref_car');
INSERT INTO apploan_loanrate VALUES(6,2.779999999999999805,90,'In-House Car Loan','in_house');
INSERT INTO apploan_loanrate VALUES(7,2.979999999999999983,100,'PHV Car Loan','phv_car');
CREATE TABLE IF NOT EXISTS "apploan_menusetting" ("id" SERIAL PRIMARY KEY, "show_home" BOOLEAN NOT NULL, "show_financing" BOOLEAN NOT NULL, "show_coe" BOOLEAN NOT NULL, "show_insurance" BOOLEAN NOT NULL, "show_about" BOOLEAN NOT NULL, "show_contact" BOOLEAN NOT NULL, "finance_used" BOOLEAN NOT NULL, "finance_new" BOOLEAN NOT NULL, "finance_direct" BOOLEAN NOT NULL, "finance_coe_car" BOOLEAN NOT NULL, "finance_refinance" BOOLEAN NOT NULL, "finance_inhouse" BOOLEAN NOT NULL, "finance_phv" BOOLEAN NOT NULL, "coe_car" BOOLEAN NOT NULL, "coe_moto" BOOLEAN NOT NULL, "insurance_car" BOOLEAN NOT NULL, "insurance_motor" BOOLEAN NOT NULL, "show_guides" BOOLEAN NOT NULL, "guides_calc" BOOLEAN NOT NULL, "guides_faq" BOOLEAN NOT NULL, "guides_install" BOOLEAN NOT NULL, "guides_pay" BOOLEAN NOT NULL, "show_rates" BOOLEAN NOT NULL);
INSERT INTO apploan_menusetting VALUES(1,1,1,1,1,1,1,1,1,1,1,1,1,1,1,1,1,1,1,1,1,1,1,1);
CREATE TABLE IF NOT EXISTS "apploan_headerimage" ("id" SERIAL PRIMARY KEY, "template_type" varchar(50) NOT NULL UNIQUE, "image" varchar(100) NOT NULL);
INSERT INTO apploan_headerimage VALUES(1,'coe_car','header_images/coe-car_2nFzQmU.png');
INSERT INTO apploan_headerimage VALUES(2,'direct_bs','header_images/black_QBlYshL.png');
INSERT INTO apploan_headerimage VALUES(3,'new_cm','header_images/white_fO3TEcp.png');
INSERT INTO apploan_headerimage VALUES(4,'used_cm','header_images/red_G2oHzdH.png');
CREATE TABLE IF NOT EXISTS "apploan_headervideo" ("id" SERIAL PRIMARY KEY, "insurance_type" varchar(20) NOT NULL UNIQUE, "video" varchar(100) NOT NULL);
INSERT INTO apploan_headervideo VALUES(1,'motorcycle','header_videos/ins-moto_Eb6kwxm.mp4');
INSERT INTO apploan_headervideo VALUES(2,'car','header_videos/ins-car_tkCsgFw.mp4');
CREATE TABLE IF NOT EXISTS "apploan_quotemotor" ("id" SERIAL PRIMARY KEY, "brand" varchar(100) NOT NULL, "model" varchar(255) NOT NULL, "year_reg" varchar(20) NOT NULL, "name" varchar(255) NOT NULL, "gender" varchar(10) NOT NULL, "status" varchar(10) NOT NULL, "number" varchar(20) NOT NULL, "dob" date NOT NULL, "occupation" varchar(100) NOT NULL, "ride_exp" varchar(50) NOT NULL, "ncd_disc" varchar(10) NOT NULL, "licence" varchar(50) NOT NULL, "named_rider" varchar(10) NOT NULL, "claims" varchar(10) NOT NULL, "start_date" date NOT NULL, "end_date" date NOT NULL, "remarks" text NOT NULL, "privacy_policy" BOOLEAN NOT NULL, "created_at" TIMESTAMP NOT NULL);
INSERT INTO apploan_quotemotor VALUES(1,'Yamaha','125','2022','Home','Male','Single','01204145','2025-12-10','IT Specialist','1 Year','20%','2 Years','0','0','2025-12-16','2025-12-11','',1,'2025-12-09 06:23:28.955137');
INSERT INTO apploan_quotemotor VALUES(2,'Kymco','125','2019','Dini','Female','Single','05212','2025-12-11','Cashier','2 Years','0%','2 Years','1','1','2025-12-12','2026-01-07','rgfdf',0,'2025-12-09 09:14:01.295387');
CREATE TABLE IF NOT EXISTS "apploan_quotecar" ("id" SERIAL PRIMARY KEY, "brand" varchar(100) NOT NULL, "model" varchar(255) NOT NULL, "year_reg" varchar(20) NOT NULL, "scheme" varchar(50) NOT NULL, "name" varchar(255) NOT NULL, "gender" varchar(10) NOT NULL, "status" varchar(10) NOT NULL, "number" varchar(20) NOT NULL, "dob" date NOT NULL, "occupation" varchar(100) NOT NULL, "vec_number" varchar(50) NOT NULL, "ncd_disc" varchar(10) NOT NULL, "licence" varchar(50) NOT NULL, "driver" varchar(10) NOT NULL, "claims" varchar(10) NOT NULL, "start_date" date NOT NULL, "end_date" date NOT NULL, "remarks" text NOT NULL, "privacy_policy" BOOLEAN NOT NULL, "created_at" TIMESTAMP NOT NULL);
INSERT INTO apploan_quotecar VALUES(1,'Honda','125','2011','Off-peak','Dini','Female','Single','05212','2025-12-11','Cleaner','5785hn','0%','2 Years','Yes','1','2025-12-16','2025-12-07','gff',1,'2025-12-09 09:12:30.868315');
INSERT INTO apploan_quotecar VALUES(2,'Toyota','125','2014','Off-peak','Dini','Male','Married','05212','2025-12-11','Supervisor','5785hn','0%','2 Years','Yes','1','2025-12-18','2025-12-12','gfgfg',1,'2025-12-10 10:24:01.242977');
CREATE TABLE IF NOT EXISTS "apploan_enquiry" ("id" SERIAL PRIMARY KEY, "first_name" varchar(255) NOT NULL, "last_name" varchar(255) NOT NULL, "email" varchar(254) NOT NULL, "privacy_policy" BOOLEAN NOT NULL, "created_at" TIMESTAMP NOT NULL, "mobile" varchar(50) NOT NULL);
INSERT INTO apploan_enquiry VALUES(1,'Mash','Layla','Mash@gmail.com',1,'2025-12-02 10:16:49.508906','0125427825');
INSERT INTO apploan_enquiry VALUES(2,'Mash','Layla','Mash@gmail.com',1,'2025-12-02 10:26:32.077294','0125427825');
INSERT INTO apploan_enquiry VALUES(3,'Dini','Dna','dini@gmail.com',1,'2025-12-02 10:29:19.786179','0520245');
INSERT INTO apploan_enquiry VALUES(4,'Mash','Layla','Mash@gmail.com',1,'2025-12-08 09:23:03.529930','0125427825');
INSERT INTO apploan_enquiry VALUES(5,'Mash','Layla','Mash@gmail.com',1,'2025-12-08 09:23:39.562646','0125427825');
INSERT INTO apploan_enquiry VALUES(6,'Mash','Layla','Mash@gmail.com',1,'2025-12-10 04:37:53.481021','0125427825');
INSERT INTO apploan_enquiry VALUES(7,'Dini','Dna','dini@gmail.com',1,'2025-12-10 07:59:13.472091','0520245');
INSERT INTO apploan_enquiry VALUES(8,'Mash','Layla','Mash@gmail.com',1,'2025-12-10 08:22:07.386614','0125427825');
CREATE TABLE IF NOT EXISTS "apploan_enquiryrenew" ("id" SERIAL PRIMARY KEY, "loan_type" varchar(20) NOT NULL, "first_name" varchar(100) NOT NULL, "last_name" varchar(100) NOT NULL, "mobile" varchar(20) NOT NULL, "email" varchar(254) NOT NULL, "coe_category_type" varchar(50) NULL, "coe_renewal_period" varchar(20) NOT NULL, "privacy_policy" BOOLEAN NOT NULL, "created_at" TIMESTAMP NOT NULL, "is_phv" varchar(3) NULL);
INSERT INTO apploan_enquiryrenew VALUES(14,'car','Mash','Layla','0125427825','Mash@gmail.com','Category A','5-Year Renewal',1,'2025-12-16 04:38:13.046047','No');
INSERT INTO apploan_enquiryrenew VALUES(15,'motorcycle','Dini','Dna','0520245','dini@gmail.com',NULL,'10-Year Renewal',1,'2025-12-16 04:42:38.845533',NULL);
INSERT INTO apploan_enquiryrenew VALUES(16,'car','Dini','Dna','0520245','dini@gmail.com','Category C','10-Year Renewal',1,'2025-12-16 04:45:39.763847','Yes');
CREATE TABLE IF NOT EXISTS "apploan_apply" ("id" SERIAL PRIMARY KEY, "full_name" varchar(200) NOT NULL, "phone" varchar(20) NOT NULL, "email" varchar(254) NOT NULL, "car_source" varchar(50) NOT NULL, "vehicle_price" decimal NOT NULL, "vehicle_model" varchar(100) NOT NULL, "omv" decimal NOT NULL, "arf" decimal NOT NULL, "registration_date" date NOT NULL, "registration_number" varchar(50) NOT NULL, "lta_access_code" varchar(50) NOT NULL, "loan_amount" decimal NOT NULL, "loan_tenure" integer NOT NULL CHECK ("loan_tenure" >= 0), "loan_type" varchar(50) NOT NULL, "repayment_mode" varchar(20) NOT NULL, "preferred_bank" varchar(50) NOT NULL, "down_payment" decimal NULL, "remarks" text NOT NULL, "privacy_policy" BOOLEAN NOT NULL, "created_at" TIMESTAMP NOT NULL);
INSERT INTO apploan_apply VALUES(1,'Mash Layla','0125427825','Mash@gmail.com','direct_owner',152563,'6356',635366,34546,'2025-12-12','343535','45',4545445,52554,'used_car','monthly','maybank',4266,'fhcfg',1,'2025-12-16 06:21:24.222733');
INSERT INTO apploan_apply VALUES(2,'Mash Layla','0125427825','Mash@gmail.com','direct_owner',152563,'6356',635366,34546,'2025-12-12','343535','45',4545445,52554,'used_car','monthly','maybank',4266,'fhcfg',1,'2025-12-16 06:22:08.037375');
CREATE TABLE IF NOT EXISTS "apploan_applycoe" ("id" SERIAL PRIMARY KEY, "vehicle_type" varchar(10) NOT NULL, "full_name" varchar(255) NOT NULL, "contact_number" varchar(20) NOT NULL, "email" varchar(254) NOT NULL, "consent" BOOLEAN NOT NULL, "created_at" TIMESTAMP NOT NULL);
INSERT INTO apploan_applycoe VALUES(1,'car','Layla','0125427825','Mash@gmail.com',1,'2025-12-16 08:55:55.850614');
INSERT INTO apploan_applycoe VALUES(2,'car','Mash Layla','0125427825','Mash@gmail.com',1,'2025-12-16 09:04:59.435476');
INSERT INTO apploan_applycoe VALUES(3,'motor','Layla','0125427825','Mash@gmail.com',1,'2025-12-16 09:06:01.185635');
INSERT INTO apploan_applycoe VALUES(4,'car','Layla','0125427825','Mash@gmail.com',1,'2025-12-16 09:10:55.125423');
INSERT INTO apploan_applycoe VALUES(5,'motor','Dini Dna','0520245','dini@gmail.com',1,'2025-12-16 09:12:02.319704');
CREATE TABLE IF NOT EXISTS sqlite_sequence(name,seq);
DELETE FROM sqlite_sequence;
INSERT INTO sqlite_sequence VALUES('django_migrations',72);
INSERT INTO sqlite_sequence VALUES('django_admin_log',130);
INSERT INTO sqlite_sequence VALUES('django_content_type',32);
INSERT INTO sqlite_sequence VALUES('auth_permission',144);
INSERT INTO sqlite_sequence VALUES('auth_group',0);
INSERT INTO sqlite_sequence VALUES('auth_user',3);
INSERT INTO sqlite_sequence VALUES('apploan_menusettings',0);
INSERT INTO sqlite_sequence VALUES('apploan_loanrate',7);
INSERT INTO sqlite_sequence VALUES('apploan_menusetting',1);
INSERT INTO sqlite_sequence VALUES('apploan_headervideo',2);
INSERT INTO sqlite_sequence VALUES('apploan_headerimage',4);
INSERT INTO sqlite_sequence VALUES('apploan_quotemotor',2);
INSERT INTO sqlite_sequence VALUES('apploan_quotecar',2);
INSERT INTO sqlite_sequence VALUES('apploan_enquiry',8);
INSERT INTO sqlite_sequence VALUES('apploan_enquiryrenew',16);
INSERT INTO sqlite_sequence VALUES('apploan_apply',2);
INSERT INTO sqlite_sequence VALUES('apploan_applycoe',5);
CREATE UNIQUE INDEX "auth_group_permissions_group_id_permission_id_0cd325b0_uniq" ON "auth_group_permissions" ("group_id", "permission_id");
CREATE INDEX "auth_group_permissions_group_id_b120cbf9" ON "auth_group_permissions" ("group_id");
CREATE INDEX "auth_group_permissions_permission_id_84c5c92e" ON "auth_group_permissions" ("permission_id");
CREATE UNIQUE INDEX "auth_user_groups_user_id_group_id_94350c0c_uniq" ON "auth_user_groups" ("user_id", "group_id");
CREATE INDEX "auth_user_groups_user_id_6a12ed8b" ON "auth_user_groups" ("user_id");
CREATE INDEX "auth_user_groups_group_id_97559544" ON "auth_user_groups" ("group_id");
CREATE UNIQUE INDEX "auth_user_user_permissions_user_id_permission_id_14a6b632_uniq" ON "auth_user_user_permissions" ("user_id", "permission_id");
CREATE INDEX "auth_user_user_permissions_user_id_a95ead1b" ON "auth_user_user_permissions" ("user_id");
CREATE INDEX "auth_user_user_permissions_permission_id_1fbb5f2c" ON "auth_user_user_permissions" ("permission_id");
CREATE INDEX "django_admin_log_content_type_id_c4bce8eb" ON "django_admin_log" ("content_type_id");
CREATE INDEX "django_admin_log_user_id_c564eba6" ON "django_admin_log" ("user_id");
CREATE UNIQUE INDEX "django_content_type_app_label_model_76bd3d3b_uniq" ON "django_content_type" ("app_label", "model");
CREATE UNIQUE INDEX "auth_permission_content_type_id_codename_01ab375a_uniq" ON "auth_permission" ("content_type_id", "codename");
CREATE INDEX "auth_permission_content_type_id_2f476e4b" ON "auth_permission" ("content_type_id");
CREATE INDEX "django_session_expire_date_a5c62663" ON "django_session" ("expire_date");
COMMIT;
